date,cloud_cover,precipitation,min_temp,max_temp,morning_temp,afternoon_temp,evening_temp,night_temp,max_windspeed
2022-01-01,90.0,0.18,33.22,42.1,42.1,38.43,35.24,38.44,15.01
2022-01-02,90.0,13.81,18.81,32.77,28.24,26.64,19.63,32.77,18.41
2022-01-03,16.0,0.0,6.58,26.37,21.76,12.25,7.21,24.21,8.99
2022-01-04,4.0,0.0,18.03,30.36,18.03,20.97,21.29,19.26,10.0
2022-01-05,64.0,0.25,13.57,33.39,31.53,32.74,22.19,31.64,17.0
2022-01-06,75.0,0.0,5.7,12.38,11.5,10.99,6.48,12.38,15.01
2022-01-07,100.0,0.0,-1.34,14.59,10.96,3.18,-0.99,13.53,7.0
2022-01-08,89.0,0.0,9.34,22.48,9.34,12.87,15.33,11.44,8.99
2022-01-09,100.0,2.82,20.62,33.64,28.81,33.53,30.83,24.31,17.4
2022-01-10,17.0,0.24,9.5,20.84,13.69,9.73,14.0,20.75,16.35
2022-01-11,18.0,0.0,4.12,18.27,9.3,4.91,5.5,16.72,11.99
2022-01-12,97.0,0.0,21.78,37.38,32.83,34.47,31.8,21.78,14.0
2022-01-13,75.0,0.0,30.72,39.83,35.49,30.72,34.38,39.22,8.01
2022-01-14,34.0,0.0,30.38,38.8,35.74,35.15,32.5,38.39,10.0
2022-01-15,100.0,2.47,21.16,30.6,29.55,25.36,22.06,30.34,11.99
2022-01-16,13.0,0.0,15.19,23.41,21.36,19.33,15.19,23.04,8.99
2022-01-17,100.0,0.7,22.8,27.72,25.47,22.86,23.59,24.75,10.0
2022-01-18,1.0,0.0,19.78,31.91,27.05,22.21,21.6,26.85,8.99
2022-01-19,92.0,0.0,19.72,43.07,41.25,39.67,27.73,34.7,11.99
2022-01-20,20.0,0.0,6.44,20.73,15.89,10.58,7.16,20.7,14.0
2022-01-21,20.0,0.0,9.66,21.79,14.56,9.66,12.04,15.91,8.99
2022-01-22,90.0,0.0,18.37,25.09,20.84,18.66,19.29,22.77,8.01
2022-01-23,90.0,7.52,15.96,32.22,25.77,20.01,19.98,27.73,11.99
2022-01-24,43.0,5.01,8.42,26.02,12.06,11.32,17.15,18.95,11.99
2022-01-25,24.0,0.0,3.22,25.95,15.78,10.44,3.94,25.95,11.99
2022-01-26,11.0,0.0,-6.34,12.61,6.21,-0.62,-5.67,12.2,8.99
2022-01-27,81.0,0.0,6.55,28.45,7.14,12.33,20.52,7.0,8.99
2022-01-28,100.0,6.18,15.89,32.04,29.03,26.51,17.65,29.01,11.5
2022-01-29,40.0,1.11,6.87,23.5,16.81,11.21,7.57,20.86,9.22
2022-01-30,72.0,0.5,12.27,26.56,20.28,17.71,12.56,19.98,5.99
2022-01-31,100.0,0.0,17.64,31.86,27.52,25.3,21.24,28.87,8.05
2022-02-01,90.0,0.5,30.33,43.11,30.56,32.07,35.53,33.33,12.19
2022-02-02,100.0,21.81,18.0,44.85,37.78,31.17,23.9,44.53,12.66
2022-02-03,100.0,3.8,16.48,20.28,19.62,16.48,17.98,17.82,15.99
2022-02-04,99.0,0.0,12.04,23.54,22.87,18.66,12.47,20.21,13.0
2022-02-05,20.0,0.63,3.58,24.75,19.09,10.29,4.37,24.19,11.99
2022-02-06,39.0,0.0,13.75,28.96,13.98,16.45,17.65,17.83,10.0
2022-02-07,75.0,0.17,20.7,33.31,29.12,29.82,21.2,30.54,10.36
2022-02-08,9.0,0.0,16.63,29.91,21.04,18.07,18.95,23.4,8.01
2022-02-09,100.0,0.0,31.55,38.71,35.31,36.64,31.55,32.18,10.0
2022-02-10,88.0,0.15,28.87,40.8,37.08,34.02,29.52,40.53,11.99
2022-02-11,100.0,4.42,26.8,40.14,26.8,32.32,37.22,29.89,8.99
2022-02-12,93.0,0.69,12.99,43.66,33.78,27.75,14.5,40.84,8.99
2022-02-13,98.0,0.0,12.33,19.44,16.18,14.77,12.51,18.25,8.99
2022-02-14,84.0,0.0,12.9,18.21,15.1,13.44,13.84,16.45,8.05
2022-02-15,100.0,0.0,20.37,30.97,24.15,24.03,21.49,20.37,6.91
2022-02-16,100.0,0.0,33.48,47.93,34.38,43.84,44.94,33.48,14.97
2022-02-17,100.0,11.77,28.35,51.96,51.06,39.43,31.32,49.57,10.0
2022-02-18,81.0,6.12,9.03,27.34,20.55,14.72,9.03,27.34,11.01
2022-02-19,77.0,0.0,9.61,29.77,25.23,25.81,10.78,21.72,15.01
2022-02-20,56.0,0.0,15.15,41.7,17.47,16.3,25.79,16.56,13.0
2022-02-21,75.0,0.0,33.35,47.34,42.91,37.42,33.35,44.35,21.85
2022-02-22,100.0,11.27,34.57,48.09,42.62,48.09,37.53,43.54,8.99
2022-02-23,100.0,6.68,15.46,34.77,27.45,23.61,17.19,34.21,11.99
2022-02-24,100.0,0.0,20.97,25.74,20.97,21.56,23.79,21.15,8.99
2022-02-25,100.0,6.22,19.31,27.21,25.7,25.09,21.74,26.17,10.36
2022-02-26,94.0,1.05,12.72,29.16,25.3,17.67,12.72,28.65,10.0
2022-02-27,4.0,0.0,26.35,36.59,29.75,27.77,26.89,26.94,8.01
2022-02-28,3.0,0.0,26.85,45.07,34.97,27.25,27.1,38.88,10.0
2022-03-01,97.0,0.0,39.45,52.34,46.36,41.18,39.87,48.43,13.0
2022-03-02,37.0,0.0,32.14,50.88,39.02,34.74,32.59,47.75,7.0
2022-03-03,91.0,0.0,28.72,57.15,45.07,33.8,28.89,50.86,11.01
2022-03-04,93.0,0.0,26.96,37.85,29.1,26.96,27.39,33.21,10.0
2022-03-05,100.0,0.0,37.26,59.9,37.26,39.87,39.61,39.67,10.6
2022-03-06,100.0,0.26,36.21,68.09,65.95,56.21,37.85,64.13,31.07
2022-03-07,100.0,17.28,30.94,41.85,38.52,34.79,31.93,38.89,8.01
2022-03-08,72.0,2.69,26.06,34.74,32.85,29.86,26.26,34.11,8.99
2022-03-09,82.0,0.0,28.08,39.78,36.12,28.13,30.83,36.0,7.0
2022-03-10,63.0,0.0,23.32,41.22,35.53,27.19,23.32,40.87,8.99
2022-03-11,100.0,2.08,20.32,29.25,24.64,23.02,20.32,28.09,11.5
2022-03-12,38.0,0.89,10.8,31.06,25.41,15.69,10.83,29.95,25.32
2022-03-13,100.0,0.0,18.99,42.01,20.55,20.41,27.21,18.99,16.11
2022-03-14,98.0,0.0,40.15,58.71,45.14,40.28,40.66,48.2,13.8
2022-03-15,100.0,0.0,36.66,62.51,44.24,37.51,37.06,60.33,9.22
2022-03-16,0.0,0.0,36.95,66.04,39.63,36.95,41.29,48.56,12.66
2022-03-17,38.0,0.0,48.18,68.83,61.63,53.24,50.02,67.46,10.0
2022-03-18,100.0,0.71,40.03,66.33,50.0,45.97,40.03,66.33,19.57
2022-03-19,100.0,15.08,36.75,41.54,39.7,38.57,36.75,41.54,14.97
2022-03-20,0.0,3.12,32.16,57.74,41.72,35.53,35.26,38.39,8.99
2022-03-21,100.0,0.0,45.28,70.32,53.24,46.92,49.26,59.88,8.99
2022-03-22,100.0,0.58,49.8,73.9,65.05,54.72,51.01,72.61,21.85
2022-03-23,100.0,3.45,46.27,55.47,48.25,47.14,51.93,51.26,18.41
2022-03-24,100.0,3.77,41.72,56.88,51.4,44.69,41.72,56.88,17.27
2022-03-25,100.0,6.87,38.52,45.68,39.33,38.52,38.95,42.39,12.66
2022-03-26,100.0,0.25,29.66,46.09,39.42,33.96,31.53,42.57,29.93
2022-03-27,56.0,0.0,22.64,31.37,28.49,25.63,23.63,29.8,19.57
2022-03-28,0.0,0.0,23.18,33.13,27.57,24.51,25.12,32.32,16.11
2022-03-29,100.0,0.0,27.12,38.01,27.39,28.8,29.48,32.31,12.66
2022-03-30,100.0,8.73,39.92,55.81,40.62,43.66,49.35,39.92,19.57
2022-03-31,100.0,37.38,36.68,59.52,57.78,46.63,36.99,56.61,16.11
2022-04-01,100.0,2.64,31.26,40.17,34.84,32.56,31.66,36.99,16.11
2022-04-02,66.0,0.48,33.1,43.29,36.61,33.64,35.92,41.56,12.66
2022-04-03,12.0,12.62,31.96,45.79,36.01,34.84,35.22,38.52,13.8
2022-04-04,100.0,4.59,39.58,50.59,39.65,41.23,45.72,46.85,13.0
2022-04-05,21.0,0.0,37.81,50.92,45.84,42.03,38.3,44.69,11.99
2022-04-06,100.0,11.07,45.64,53.94,47.88,52.52,45.64,49.57,19.57
2022-04-07,84.0,0.0,39.97,55.35,49.39,42.66,41.05,54.75,21.85
2022-04-08,40.0,5.42,37.08,43.25,40.87,37.98,37.29,43.25,21.85
2022-04-09,84.0,5.94,31.69,43.14,34.74,31.96,34.47,38.41,14.97
2022-04-10,40.0,0.0,34.11,57.43,40.03,34.97,40.71,44.2,21.85
2022-04-11,100.0,0.0,52.02,60.82,58.66,59.94,52.5,58.95,24.16
2022-04-12,0.0,0.0,43.97,64.98,56.5,47.57,49.66,57.06,20.71
2022-04-13,100.0,0.69,63.27,68.25,63.72,66.83,65.97,66.94,23.02
2022-04-14,20.0,1.26,34.84,70.81,51.8,37.98,38.37,70.81,29.93
2022-04-15,98.0,0.0,41.41,52.43,47.79,42.94,43.18,48.74,36.82
2022-04-16,91.0,1.21,33.4,53.24,45.68,38.84,35.1,53.24,19.57
2022-04-17,20.0,0.0,31.44,46.83,40.15,32.09,36.41,44.92,17.27
2022-04-18,100.0,5.38,33.17,40.91,37.49,35.87,34.54,40.91,12.66
2022-04-19,87.0,0.0,35.74,45.14,36.77,36.77,37.09,38.43,23.02
2022-04-20,54.0,0.0,41.11,49.17,42.4,42.13,43.2,46.45,14.97
2022-04-21,100.0,7.23,48.61,62.37,50.99,51.33,49.66,48.61,19.57
2022-04-22,34.0,0.62,47.53,68.58,63.28,51.51,48.38,64.02,19.57
2022-04-23,0.0,3.7,47.86,76.89,50.5,52.99,61.11,49.3,18.41
2022-04-24,100.0,3.66,66.42,82.9,77.04,70.97,67.96,79.3,28.77
2022-04-25,75.0,0.13,50.4,68.72,65.16,53.96,50.4,65.88,20.71
2022-04-26,78.0,0.0,37.96,51.03,43.34,39.87,38.68,51.03,23.02
2022-04-27,3.0,0.0,34.07,50.83,43.47,34.66,37.99,47.37,16.11
2022-04-28,100.0,0.0,34.93,47.7,34.93,37.99,42.49,39.34,18.41
2022-04-29,86.0,0.56,46.89,61.21,48.34,48.15,49.17,49.06,18.41
2022-04-30,100.0,4.7,50.67,64.31,57.85,51.28,52.93,63.39,20.71
2022-05-01,0.0,0.18,51.42,68.25,60.76,54.54,52.93,67.35,18.41
2022-05-02,100.0,0.0,48.06,51.21,50.32,49.87,48.25,51.21,16.11
2022-05-03,100.0,30.52,45.77,54.1,51.22,48.9,46.06,51.6,23.02
2022-05-04,62.0,0.0,39.76,49.8,43.25,42.19,41.81,45.3,20.71
2022-05-05,100.0,0.0,42.19,53.62,47.5,42.71,47.26,50.45,7.0
2022-05-06,100.0,8.94,47.14,51.01,49.01,47.77,48.25,51.01,11.99
2022-05-07,88.0,2.05,46.24,61.56,49.59,49.19,51.31,47.89,26.46
2022-05-08,0.0,0.0,45.57,64.35,52.72,46.0,53.02,61.09,16.11
2022-05-09,92.0,0.0,55.42,76.46,62.46,58.08,60.6,64.67,21.85
2022-05-10,100.0,0.0,68.25,85.51,77.09,70.48,71.06,79.0,27.63
2022-05-11,17.0,0.0,74.01,89.69,85.96,77.67,77.72,87.44,13.8
2022-05-12,75.0,0.0,73.08,90.1,78.3,76.89,78.31,89.58,17.27
2022-05-13,20.0,0.0,69.04,92.17,85.93,73.04,74.39,91.15,14.97
2022-05-14,100.0,0.0,65.34,90.21,82.72,67.91,73.24,89.08,13.8
2022-05-15,22.0,0.0,66.74,83.26,73.74,66.81,69.76,82.6,10.36
2022-05-16,50.0,2.38,53.87,75.25,63.79,56.23,62.02,68.74,18.41
2022-05-17,3.0,0.0,51.44,77.36,72.93,58.15,57.04,76.21,19.57
2022-05-18,100.0,2.14,52.25,64.38,55.0,55.85,53.26,64.38,14.97
2022-05-19,56.0,0.0,52.16,80.64,58.32,52.41,60.89,56.1,12.66
2022-05-20,75.0,0.0,63.97,85.8,81.27,67.3,70.97,82.63,26.46
2022-05-21,100.0,9.9,56.57,86.5,64.99,58.59,57.97,81.54,26.46
2022-05-22,100.0,5.16,50.7,61.74,57.42,56.48,53.89,56.57,13.8
2022-05-23,100.0,0.0,46.44,62.35,55.24,48.38,54.25,61.52,16.11
2022-05-24,89.0,0.0,49.1,62.96,53.67,49.1,54.84,59.72,19.57
2022-05-25,100.0,0.0,54.07,68.23,55.27,57.49,56.01,63.81,19.57
2022-05-26,100.0,1.68,67.95,76.53,72.16,68.52,68.99,73.99,17.27
2022-05-27,100.0,2.31,52.39,77.36,71.83,62.42,52.88,72.88,24.16
2022-05-28,10.0,0.0,49.08,72.77,58.03,49.08,59.67,57.34,18.41
2022-05-29,33.0,0.0,62.8,81.27,70.56,64.22,67.73,73.45,17.27
2022-05-30,52.0,0.0,69.94,85.91,79.59,72.36,73.9,83.44,18.41
2022-05-31,22.0,0.0,73.08,89.01,83.48,76.23,77.11,87.66,17.27
2022-06-01,100.0,17.63,66.54,87.82,84.83,71.91,66.54,82.94,17.27
2022-06-02,100.0,0.0,56.95,74.32,62.04,59.11,64.27,69.33,11.5
2022-06-03,0.0,0.0,60.12,79.2,70.27,60.39,65.08,74.88,14.97
2022-06-04,0.0,0.0,54.5,80.83,74.17,56.97,63.03,79.95,18.41
2022-06-05,100.0,0.0,59.32,75.7,63.55,59.59,63.27,63.95,10.36
2022-06-06,68.0,4.37,64.09,76.5,69.15,66.52,66.67,76.5,11.5
2022-06-07,74.0,1.06,55.76,75.45,69.31,56.37,56.39,68.0,16.11
2022-06-08,5.0,0.0,56.41,69.39,63.25,56.84,63.46,66.79,11.5
2022-06-09,26.0,1.02,51.75,75.29,58.64,54.68,58.1,58.84,17.27
2022-06-10,100.0,0.0,56.86,78.73,70.66,59.0,68.22,76.46,14.97
2022-06-11,75.0,0.1,58.98,72.46,65.34,58.98,62.73,70.56,14.97
2022-06-12,13.0,0.0,60.55,73.58,72.3,63.79,63.84,73.2,16.11
2022-06-13,12.0,0.0,57.9,86.22,60.8,58.08,67.69,66.97,12.66
2022-06-14,18.0,0.24,72.61,95.22,76.78,75.45,82.4,85.73,25.01
2022-06-15,0.0,0.0,80.38,97.65,90.41,84.22,82.99,96.94,17.27
2022-06-16,100.0,0.94,72.27,96.13,90.57,75.69,75.87,94.44,18.41
2022-06-17,0.0,0.0,68.5,94.57,86.85,74.37,74.95,93.54,25.32
2022-06-18,0.0,0.0,60.12,84.16,77.59,64.26,64.45,83.77,17.27
2022-06-19,53.0,0.0,52.81,80.73,61.77,54.09,63.34,71.04,13.8
2022-06-20,20.0,0.0,65.64,90.07,79.48,68.2,72.91,82.09,13.8
2022-06-21,0.0,0.0,72.59,95.13,87.04,76.53,79.41,91.92,16.11
2022-06-22,40.0,0.0,75.92,97.84,90.32,83.62,78.13,96.46,18.41
2022-06-23,36.0,0.0,66.74,88.88,81.81,70.11,72.43,87.78,18.41
2022-06-24,2.0,0.0,63.73,89.8,76.48,66.42,74.77,82.87,12.66
2022-06-25,0.0,14.13,66.96,90.5,83.55,72.37,73.08,90.5,12.66
2022-06-26,100.0,0.0,68.34,78.78,76.62,73.2,72.72,68.34,20.71
2022-06-27,0.0,0.0,60.55,79.39,74.79,62.47,66.88,78.82,19.57
2022-06-28,0.0,0.0,58.84,83.35,69.55,61.16,68.25,75.61,11.5
2022-06-29,75.0,1.95,65.88,85.48,80.29,70.36,71.55,84.52,14.97
2022-06-30,0.0,0.0,71.92,87.93,78.46,76.23,77.45,85.46,18.41
2022-07-01,75.0,0.0,72.48,91.02,85.44,77.16,76.3,89.56,18.41
2022-07-02,0.0,0.0,61.5,82.54,72.55,63.66,71.38,72.45,9.22
2022-07-03,75.0,0.0,67.14,84.94,78.37,72.14,74.64,83.34,12.66
2022-07-04,1.0,0.0,68.74,85.86,80.01,71.82,74.97,84.74,17.27
2022-07-05,100.0,29.37,69.8,90.0,78.35,69.8,80.19,84.34,12.66
2022-07-06,100.0,4.63,69.96,89.96,77.02,71.19,70.45,89.4,17.27
2022-07-07,97.0,0.0,68.4,82.87,71.08,68.52,74.08,76.89,11.5
2022-07-08,100.0,0.0,73.69,83.62,78.19,73.9,75.33,82.47,14.97
2022-07-09,3.0,0.0,67.93,74.75,70.84,69.26,70.29,74.53,16.11
2022-07-10,57.0,0.0,59.29,82.78,70.3,62.82,70.14,75.24,16.11
2022-07-11,0.0,0.16,70.36,84.9,79.32,72.52,73.92,83.71,17.27
2022-07-12,0.0,0.0,68.4,85.6,81.39,73.0,70.66,80.58,16.11
2022-07-13,20.0,0.0,68.34,84.45,78.44,70.48,72.48,84.4,14.97
2022-07-14,0.0,0.0,60.15,78.12,70.2,63.39,68.23,77.49,13.8
2022-07-15,11.0,6.93,64.74,78.13,72.19,64.74,67.41,78.01,10.36
2022-07-16,100.0,2.52,67.33,76.17,69.46,69.51,68.0,69.21,13.8
2022-07-17,100.0,13.87,68.88,75.72,70.05,69.67,71.6,75.72,13.8
2022-07-18,75.0,0.0,68.47,86.43,73.02,69.85,73.36,73.44,12.66
2022-07-19,0.0,0.0,69.87,88.54,82.83,74.62,76.75,87.89,12.66
2022-07-20,19.0,0.0,75.58,89.38,83.82,76.3,79.25,88.39,20.71
2022-07-21,0.0,0.0,69.06,90.16,81.86,74.86,75.0,85.89,24.16
2022-07-22,0.0,0.0,68.41,92.35,86.43,75.2,73.99,91.13,20.71
2022-07-23,100.0,59.81,68.77,90.34,84.22,75.33,69.44,89.74,16.11
2022-07-24,100.0,4.91,72.81,87.39,82.27,79.39,72.81,79.93,20.71
2022-07-25,100.0,0.0,64.85,85.57,80.74,69.64,70.84,82.26,13.8
2022-07-26,79.0,0.0,62.17,79.97,70.39,63.68,69.51,74.8,12.66
2022-07-27,88.0,0.0,69.31,82.72,75.69,69.91,71.73,79.61,12.66
2022-07-28,0.0,1.59,69.15,83.34,79.14,69.48,69.31,83.34,13.8
2022-07-29,0.0,0.0,60.69,80.42,75.63,65.48,67.86,79.83,16.11
2022-07-30,0.0,0.0,60.3,81.28,75.74,64.87,70.34,78.76,16.11
2022-07-31,86.0,0.0,63.1,83.35,77.25,67.46,72.39,81.9,13.8
2022-08-01,0.0,0.0,72.54,84.61,79.52,73.98,74.55,84.36,18.41
2022-08-02,1.0,0.0,65.41,86.11,81.07,69.08,73.98,85.12,17.27
2022-08-03,40.0,0.0,74.17,91.2,83.35,75.02,77.61,87.06,21.85
2022-08-04,20.0,0.58,73.6,86.72,81.81,74.12,74.39,86.72,16.11
2022-08-05,23.0,0.0,69.17,84.25,74.28,69.75,73.24,79.72,14.97
2022-08-06,0.0,0.0,72.43,91.67,81.27,75.11,77.88,84.33,11.5
2022-08-07,100.0,1.84,75.79,93.07,87.06,80.56,76.62,93.04,16.11
2022-08-08,97.0,5.41,74.23,80.4,78.1,76.26,74.57,77.34,17.27
2022-08-09,44.0,0.46,61.97,80.37,66.43,66.25,65.7,80.37,14.97
2022-08-10,0.0,0.0,57.36,81.97,69.17,59.7,66.02,74.55,14.97
2022-08-11,20.0,0.0,71.01,83.93,77.77,71.42,73.27,82.85,17.27
2022-08-12,20.0,0.0,60.53,77.23,69.66,63.03,68.43,77.23,18.41
2022-08-13,100.0,0.0,66.2,76.68,71.74,68.88,68.31,75.47,14.97
2022-08-14,11.0,0.0,70.07,77.7,75.92,71.02,71.1,75.15,14.97
2022-08-15,100.0,0.0,67.24,76.68,68.49,67.93,69.62,70.86,17.27
2022-08-16,99.0,0.0,63.52,79.18,70.21,65.28,69.39,76.66,14.97
2022-08-17,0.0,0.0,61.2,80.02,71.35,62.98,68.36,79.27,16.11
2022-08-18,0.0,0.0,60.01,82.08,72.39,62.74,66.58,80.08,11.5
2022-08-19,30.0,0.0,66.67,83.68,77.95,68.32,71.38,81.93,14.97
2022-08-20,100.0,18.03,64.98,84.52,79.5,70.74,65.64,84.43,14.97
2022-08-21,100.0,0.47,66.56,75.97,72.16,67.87,68.16,71.76,14.97
2022-08-22,0.0,0.0,63.12,79.18,70.47,65.07,67.71,76.64,12.66
2022-08-23,39.0,0.0,62.11,81.68,71.74,63.36,67.42,79.83,11.5
2022-08-24,0.0,0.0,63.63,83.21,76.24,65.88,70.18,82.0,9.22
2022-08-25,12.0,5.01,66.0,83.64,77.27,68.72,66.0,83.46,13.8
2022-08-26,25.0,0.0,67.08,80.58,75.36,69.4,68.34,75.49,11.5
2022-08-27,43.0,0.0,57.85,80.35,68.76,60.35,64.45,75.52,13.8
2022-08-28,40.0,0.0,68.74,88.07,74.05,71.55,72.48,80.65,16.11
2022-08-29,40.0,9.11,72.18,88.47,74.89,73.71,74.97,88.07,17.27
2022-08-30,100.0,0.21,66.18,84.96,77.38,71.13,68.63,72.61,19.57
2022-08-31,0.0,0.0,60.57,82.87,73.62,63.07,65.23,79.23,19.57
2022-09-01,0.0,0.0,66.13,87.78,78.78,70.7,71.02,84.0,14.97
2022-09-02,100.0,0.0,68.83,88.11,79.9,73.62,72.45,88.11,14.97
2022-09-03,40.0,0.0,69.71,86.45,78.93,71.58,72.27,85.48,14.97
2022-09-04,100.0,0.0,68.52,85.96,71.4,69.66,70.07,85.96,16.11
2022-09-05,31.0,0.0,66.47,71.55,68.58,67.5,66.79,71.55,14.97
2022-09-06,11.0,0.0,66.4,76.64,68.04,66.4,68.45,69.03,11.5
2022-09-07,73.0,0.0,64.36,78.01,71.2,66.36,66.54,78.01,11.5
2022-09-08,6.0,0.0,60.53,81.75,71.17,63.52,66.31,78.51,12.66
2022-09-09,0.0,0.0,59.09,83.53,74.84,64.9,64.69,83.17,12.66
2022-09-10,0.0,0.0,61.56,83.95,75.88,64.9,65.37,83.14,12.66
2022-09-11,40.0,14.07,65.21,83.91,74.91,70.09,69.3,83.34,10.36
2022-09-12,90.0,4.51,54.48,65.3,59.67,57.18,54.48,65.3,16.11
2022-09-13,100.0,0.0,56.97,74.08,59.31,60.03,61.47,59.41,11.5
2022-09-14,4.0,0.0,57.47,76.68,67.68,59.11,60.82,75.04,9.22
2022-09-15,49.0,0.0,57.79,80.04,66.54,61.07,61.97,76.84,10.36
2022-09-16,40.0,0.0,62.64,82.08,73.9,67.24,64.89,81.34,10.36
2022-09-17,75.0,0.0,68.13,83.79,75.96,69.4,69.03,82.29,23.02
2022-09-18,40.0,0.0,70.29,84.85,78.82,73.02,70.57,84.85,16.11
2022-09-19,3.0,0.0,66.92,85.62,78.51,68.65,68.14,84.16,13.8
2022-09-20,20.0,0.0,61.83,86.49,68.13,62.67,64.36,75.96,13.8
2022-09-21,0.0,0.53,73.98,92.17,78.67,76.19,75.96,88.18,34.52
2022-09-22,100.0,0.0,53.35,83.12,71.1,59.77,53.98,83.07,18.41
2022-09-23,40.0,0.0,50.9,62.73,56.77,53.8,53.22,62.56,16.11
2022-09-24,100.0,0.51,52.81,67.23,59.18,54.72,54.99,61.99,10.42
2022-09-25,100.0,0.91,57.43,71.19,63.88,58.64,58.59,68.85,14.97
2022-09-26,0.0,0.16,50.58,66.04,61.11,53.44,52.02,66.04,16.11
2022-09-27,20.0,0.0,46.11,62.2,55.71,50.32,47.41,62.2,18.41
2022-09-28,49.0,0.0,45.79,58.64,53.42,48.67,46.65,58.64,12.66
2022-09-29,20.0,0.0,44.67,60.58,52.05,48.96,47.14,58.62,14.97
2022-09-30,0.0,0.0,43.38,64.36,53.98,50.43,50.25,61.63,8.05
2022-10-01,40.0,0.0,52.83,66.38,56.41,54.27,52.83,64.58,16.11
2022-10-02,0.0,0.0,55.27,66.34,58.93,55.27,57.78,66.34,17.27
2022-10-03,0.0,0.0,49.41,65.48,56.19,54.55,52.14,64.08,16.11
2022-10-04,0.0,0.0,48.25,70.81,55.29,50.79,52.03,66.06,9.22
2022-10-05,75.0,0.0,51.78,74.59,62.04,56.82,55.17,72.1,8.05
2022-10-06,100.0,0.27,56.34,75.88,67.64,61.25,57.99,75.88,13.8
2022-10-07,100.0,5.44,44.4,73.96,55.98,51.01,44.65,73.85,18.41
2022-10-08,0.0,0.0,37.15,54.88,46.49,41.4,38.64,53.56,19.57
2022-10-09,20.0,0.0,42.19,65.39,51.39,45.48,43.88,56.35,20.71
2022-10-10,75.0,0.0,49.53,70.47,59.74,52.32,52.09,67.24,11.5
2022-10-11,0.0,0.0,53.62,71.55,57.78,54.54,56.16,71.13,11.5
2022-10-12,100.0,12.64,57.06,66.79,57.06,60.87,58.87,66.79,18.41
2022-10-13,97.0,0.82,42.42,57.31,51.78,47.48,42.82,54.12,23.02
2022-10-14,98.0,0.0,37.71,55.13,43.41,39.67,38.75,52.95,23.02
2022-10-15,0.0,3.33,34.29,59.23,47.55,39.18,35.64,57.74,17.27
2022-10-16,20.0,0.0,39.76,53.85,48.74,46.56,41.63,52.12,17.27
2022-10-17,45.0,0.0,37.31,53.55,47.8,40.21,37.49,53.55,23.0
2022-10-18,96.0,0.0,35.11,44.06,39.78,37.18,35.11,40.23,21.85
2022-10-19,37.0,0.0,33.53,45.95,45.07,39.51,33.53,45.3,21.85
2022-10-20,100.0,0.0,33.01,53.71,41.11,35.01,34.45,47.08,17.27
2022-10-21,75.0,0.0,43.77,69.39,50.32,45.61,44.94,58.37,16.11
2022-10-22,15.0,0.0,55.76,75.63,68.5,59.34,56.19,73.09,18.41
2022-10-23,20.0,0.0,61.72,78.96,70.36,63.46,62.49,77.49,18.41
2022-10-24,75.0,0.0,62.38,78.49,73.08,68.2,63.39,77.74,18.41
2022-10-25,100.0,16.52,58.05,75.15,71.85,67.68,58.8,73.85,17.27
2022-10-26,100.0,23.96,42.62,59.04,51.01,44.73,42.62,59.04,20.71
2022-10-27,75.0,0.0,41.13,53.47,45.99,42.84,42.67,52.74,9.22
2022-10-28,100.0,0.0,43.81,57.81,48.07,47.23,44.11,52.21,12.66
2022-10-29,0.0,0.0,44.82,63.61,49.12,47.48,45.36,58.37,8.05
2022-10-30,75.0,0.0,48.4,64.17,52.57,49.42,49.37,64.17,11.5
2022-10-31,100.0,0.0,53.94,62.26,54.1,54.5,54.27,62.26,9.22
2022-11-01,0.0,0.0,46.26,66.29,53.47,48.76,46.89,56.25,9.22
2022-11-02,0.0,0.0,47.5,69.3,56.39,51.39,47.5,67.98,11.5
2022-11-03,43.0,0.0,52.81,71.96,63.09,56.95,53.02,71.06,11.5
2022-11-04,100.0,7.79,61.38,72.97,65.8,62.38,62.83,72.36,19.57
2022-11-05,100.0,12.3,55.29,71.02,70.52,64.8,61.3,62.26,27.63
2022-11-06,20.0,0.0,44.53,59.31,47.21,44.69,46.74,52.48,25.32
2022-11-07,0.0,0.0,39.87,61.32,55.53,48.22,40.73,59.31,18.41
2022-11-08,88.0,0.0,43.75,53.31,45.91,45.16,43.81,51.62,13.8
2022-11-09,75.0,0.0,47.35,60.37,51.44,48.54,51.37,51.82,13.8
2022-11-10,0.0,0.0,60.94,71.98,65.17,64.08,60.94,62.85,18.41
2022-11-11,75.0,0.0,43.93,75.67,68.31,60.03,47.8,73.71,19.57
2022-11-12,3.0,0.0,32.11,45.77,35.65,32.23,32.85,45.7,16.11
2022-11-13,100.0,0.0,29.21,35.33,34.02,32.83,30.04,35.31,13.8
2022-11-14,75.0,0.0,28.09,38.35,31.55,30.13,28.09,34.86,11.5
2022-11-15,100.0,7.53,32.25,41.29,38.01,36.07,32.25,39.78,14.97
2022-11-16,100.0,2.0,33.19,36.45,34.74,33.64,33.42,35.1,12.66
2022-11-17,80.0,3.62,28.92,34.84,33.33,31.68,30.24,34.84,17.27
2022-11-18,100.0,0.99,25.63,33.06,31.96,29.39,26.47,31.82,23.02
2022-11-19,100.0,0.0,19.38,26.15,22.44,21.33,19.89,26.15,24.16
2022-11-20,0.0,0.55,12.72,26.19,23.0,15.84,12.72,26.19,21.85
2022-11-21,0.0,0.0,28.58,40.77,31.57,29.62,32.2,28.58,19.57
2022-11-22,40.0,0.0,29.55,46.54,39.13,32.25,30.36,43.21,20.71
2022-11-23,0.0,0.0,33.48,51.82,42.42,37.4,33.48,48.88,12.66
2022-11-24,75.0,0.0,38.5,58.77,48.65,44.6,38.5,54.27,13.8
2022-11-25,40.0,0.0,33.42,53.15,45.84,44.62,34.27,52.25,11.5
2022-11-26,0.0,0.0,35.6,51.85,44.44,38.3,35.89,48.99,16.11
2022-11-27,100.0,9.43,41.83,55.67,49.23,44.04,42.42,52.25,18.41
2022-11-28,75.0,0.0,30.52,44.83,41.34,35.91,31.98,44.38,23.02
2022-11-29,75.0,0.0,39.25,53.01,42.57,40.01,41.38,45.16,18.41
2022-11-30,100.0,0.0,24.01,57.88,57.47,34.66,24.57,56.59,27.63
2022-12-01,0.0,0.0,17.91,28.29,25.25,20.1,17.91,26.1,28.77
2022-12-02,100.0,0.0,31.3,44.46,32.5,35.58,38.19,31.3,19.57
2022-12-03,100.0,0.17,22.95,51.89,51.89,50.04,25.11,46.89,25.32
2022-12-04,0.0,0.0,19.4,33.22,26.82,21.31,19.76,29.35,14.97
2022-12-05,20.0,0.0,28.89,40.05,35.51,30.9,29.23,35.8,18.41
2022-12-06,100.0,0.0,38.59,42.89,41.86,39.04,38.97,41.85,12.66
2022-12-07,75.0,0.0,37.94,42.55,41.72,38.5,38.28,42.08,9.22
2022-12-08,100.0,0.0,33.66,43.16,39.99,36.36,33.66,42.53,13.8
2022-12-09,20.0,8.63,34.48,40.55,36.07,36.86,36.36,40.55,13.8
2022-12-10,100.0,0.0,35.46,37.63,36.79,36.68,36.97,35.46,13.8
2022-12-11,100.0,0.67,36.5,38.89,38.55,38.86,37.42,37.8,10.36
2022-12-12,100.0,0.27,36.34,40.59,38.08,37.53,36.34,37.78,6.91
2022-12-13,100.0,0.0,34.7,41.2,38.91,36.68,35.19,41.07,14.97
2022-12-14,100.0,14.36,36.27,40.96,36.37,37.56,37.42,36.63,20.71
2022-12-15,100.0,21.84,33.78,43.27,41.16,38.1,34.56,41.86,18.41
2022-12-16,100.0,3.68,29.43,36.12,31.84,30.56,30.47,36.09,19.57
2022-12-17,100.0,2.78,24.19,29.41,27.46,25.86,24.35,29.1,19.57
2022-12-18,100.0,0.0,15.37,24.44,23.43,20.23,16.74,24.08,19.57
2022-12-19,0.0,0.0,10.83,21.15,17.47,13.87,10.83,19.58,17.27
2022-12-20,100.0,0.0,22.21,31.62,24.87,25.36,24.33,22.21,10.36
2022-12-21,20.0,0.0,14.67,32.9,29.1,20.34,14.67,32.23,10.36
2022-12-22,100.0,0.0,25.14,33.67,30.83,32.04,32.04,25.14,10.36
2022-12-23,100.0,6.92,-8.54,30.43,3.79,-5.98,-8.07,30.43,27.63
2022-12-24,100.0,0.0,-2.52,7.47,-1.41,-0.9,0.61,-2.52,29.93
2022-12-25,26.0,0.0,2.16,13.66,11.35,6.03,2.84,9.14,25.32
2022-12-26,98.0,0.52,11.08,19.72,12.67,13.75,16.38,11.08,16.11
2022-12-27,0.0,0.0,8.67,21.69,20.5,12.47,9.07,20.43,12.66
2022-12-28,99.0,0.0,20.98,37.8,22.62,25.0,28.42,20.98,21.85
2022-12-29,75.0,0.0,40.51,53.38,43.29,43.2,45.57,40.51,23.02
2022-12-30,100.0,0.0,39.38,57.24,55.89,55.74,48.42,54.82,24.16
2022-12-31,100.0,0.0,27.7,39.38,36.81,30.34,27.79,39.38,9.22
