date,cloud_cover,precipitation,min_temp,max_temp,morning_temp,afternoon_temp,evening_temp,night_temp,max_windspeed
2022-01-01,90.0,0.18,273.83,278.76,278.76,276.72,274.95,276.73,6.71
2022-01-02,90.0,13.81,265.82,273.58,271.06,270.17,266.28,273.58,8.23
2022-01-03,16.0,0.0,259.03,270.02,267.46,262.18,259.38,268.82,4.02
2022-01-04,4.0,0.0,265.39,272.24,265.39,267.02,267.2,266.07,4.47
2022-01-05,64.0,0.25,262.91,273.92,272.89,273.56,267.7,272.95,7.6
2022-01-06,75.0,0.0,258.54,262.25,261.76,261.48,258.97,262.25,6.71
2022-01-07,100.0,0.0,254.63,263.48,261.46,257.14,254.82,262.89,3.13
2022-01-08,89.0,0.0,260.56,267.86,260.56,262.52,263.89,261.73,4.02
2022-01-09,100.0,2.82,266.83,274.06,271.38,274.0,272.5,268.88,7.78
2022-01-10,17.0,0.24,260.65,266.95,262.98,260.78,263.15,266.9,7.31
2022-01-11,18.0,0.0,257.66,265.52,260.54,258.1,258.43,264.66,5.36
2022-01-12,97.0,0.0,267.47,276.14,273.61,274.52,273.04,267.47,6.26
2022-01-13,75.0,0.0,272.44,277.5,275.09,272.44,274.47,277.16,3.58
2022-01-14,34.0,0.0,272.25,276.93,275.23,274.9,273.43,276.7,4.47
2022-01-15,100.0,2.47,267.13,272.37,271.79,269.46,267.63,272.23,5.36
2022-01-16,13.0,0.0,263.81,268.38,267.24,266.11,263.81,268.17,4.02
2022-01-17,100.0,0.7,268.04,270.77,269.52,268.07,268.48,269.12,4.47
2022-01-18,1.0,0.0,266.36,273.1,270.4,267.71,267.37,270.29,4.02
2022-01-19,92.0,0.0,266.33,279.3,278.29,277.41,270.78,274.65,5.36
2022-01-20,20.0,0.0,258.95,266.89,264.2,261.25,259.35,266.87,6.26
2022-01-21,20.0,0.0,260.74,267.48,263.46,260.74,262.06,264.21,4.02
2022-01-22,90.0,0.0,265.58,269.31,266.95,265.74,266.09,268.02,3.58
2022-01-23,90.0,7.52,264.24,273.27,269.69,266.49,266.47,270.78,5.36
2022-01-24,43.0,5.01,260.05,269.83,262.07,261.66,264.9,265.9,5.36
2022-01-25,24.0,0.0,257.16,269.79,264.14,261.17,257.56,269.79,5.36
2022-01-26,11.0,0.0,251.85,262.38,258.82,255.03,252.22,262.15,4.02
2022-01-27,81.0,0.0,259.01,271.18,259.34,262.22,266.77,259.26,4.02
2022-01-28,100.0,6.18,264.2,273.17,271.5,270.1,265.18,271.49,5.14
2022-01-29,40.0,1.11,259.19,268.43,264.71,261.6,259.58,266.96,4.12
2022-01-30,72.0,0.5,262.19,270.13,266.64,265.21,262.35,266.47,2.68
2022-01-31,100.0,0.0,265.17,273.07,270.66,269.43,267.17,271.41,3.6
2022-02-01,90.0,0.5,272.22,279.32,272.35,273.19,275.11,273.89,5.45
2022-02-02,100.0,21.81,265.37,280.29,276.36,272.69,268.65,280.11,5.66
2022-02-03,100.0,3.8,264.53,266.64,266.27,264.53,265.36,265.27,7.15
2022-02-04,99.0,0.0,262.06,268.45,268.08,265.74,262.3,266.6,5.81
2022-02-05,20.0,0.63,257.36,269.12,265.98,261.09,257.8,268.81,5.36
2022-02-06,39.0,0.0,263.01,271.46,263.14,264.51,265.18,265.28,4.47
2022-02-07,75.0,0.17,266.87,273.88,271.55,271.94,267.15,272.34,4.63
2022-02-08,9.0,0.0,264.61,271.99,267.06,265.41,265.9,268.37,3.58
2022-02-09,100.0,0.0,272.9,276.88,274.99,275.73,272.9,273.25,4.47
2022-02-10,88.0,0.15,271.41,278.04,275.97,274.27,271.77,277.89,5.36
2022-02-11,100.0,4.42,270.26,277.67,270.26,273.33,276.05,271.98,4.02
2022-02-12,93.0,0.69,262.59,279.63,274.14,270.79,263.43,278.06,4.02
2022-02-13,98.0,0.0,262.22,266.17,264.36,263.58,262.32,265.51,4.02
2022-02-14,84.0,0.0,262.54,265.49,263.76,262.84,263.06,264.51,3.6
2022-02-15,100.0,0.0,266.69,272.58,268.79,268.72,267.31,266.69,3.09
2022-02-16,100.0,0.0,273.97,282.0,274.47,279.73,280.34,273.97,6.69
2022-02-17,100.0,11.77,271.12,284.24,283.74,277.28,272.77,282.91,4.47
2022-02-18,81.0,6.12,260.39,270.56,266.79,263.55,260.39,270.56,4.92
2022-02-19,77.0,0.0,260.71,271.91,269.39,269.71,261.36,267.44,6.71
2022-02-20,56.0,0.0,263.79,278.54,265.08,264.43,269.7,264.57,5.81
2022-02-21,75.0,0.0,273.9,281.67,279.21,276.16,273.9,280.01,9.77
2022-02-22,100.0,11.27,274.58,282.09,279.05,282.09,276.22,279.56,4.02
2022-02-23,100.0,6.68,263.96,274.69,270.62,268.49,264.92,274.38,5.36
2022-02-24,100.0,0.0,267.02,269.67,267.02,267.35,268.59,267.12,4.02
2022-02-25,100.0,6.22,266.1,270.49,269.65,269.31,267.45,269.91,4.63
2022-02-26,94.0,1.05,262.44,271.57,269.43,265.19,262.44,271.29,4.47
2022-02-27,4.0,0.0,270.01,275.7,271.9,270.8,270.31,270.34,3.58
2022-02-28,3.0,0.0,270.29,280.41,274.8,270.51,270.43,276.97,4.47
2022-03-01,97.0,0.0,277.29,284.45,281.13,278.25,277.52,282.28,5.81
2022-03-02,37.0,0.0,273.23,283.64,277.05,274.67,273.48,281.9,3.13
2022-03-03,91.0,0.0,271.33,287.12,280.41,274.15,271.42,283.63,4.92
2022-03-04,93.0,0.0,270.35,276.4,271.54,270.35,270.59,273.82,4.47
2022-03-05,100.0,0.0,276.07,288.65,276.07,277.52,277.38,277.41,4.74
2022-03-06,100.0,0.26,275.49,293.2,292.01,286.6,276.4,291.0,13.89
2022-03-07,100.0,17.28,272.56,278.62,276.77,274.7,273.11,276.98,3.58
2022-03-08,72.0,2.69,269.85,274.67,273.62,271.96,269.96,274.32,4.02
2022-03-09,82.0,0.0,270.97,277.47,275.44,271.0,272.5,275.37,3.13
2022-03-10,63.0,0.0,268.33,278.27,275.11,270.48,268.33,278.08,4.02
2022-03-11,100.0,2.08,266.66,271.62,269.06,268.16,266.66,270.98,5.14
2022-03-12,38.0,0.89,261.37,272.63,269.49,264.09,261.39,272.01,11.32
2022-03-13,100.0,0.0,265.92,278.71,266.79,266.71,270.49,265.92,7.2
2022-03-14,98.0,0.0,277.68,287.99,280.45,277.75,277.96,282.15,6.17
2022-03-15,100.0,0.0,275.74,290.1,279.95,276.21,275.96,288.89,4.12
2022-03-16,0.0,0.0,275.9,292.06,277.39,275.9,278.31,282.35,5.66
2022-03-17,38.0,0.0,282.14,293.61,289.61,284.95,283.16,292.85,4.47
2022-03-18,100.0,0.71,277.61,292.22,283.15,280.91,277.61,292.22,8.75
2022-03-19,100.0,15.08,275.79,278.45,277.43,276.8,275.79,278.45,6.69
2022-03-20,0.0,3.12,273.24,287.45,278.55,275.11,274.96,276.7,4.02
2022-03-21,100.0,0.0,280.53,294.44,284.95,281.44,282.74,288.64,4.02
2022-03-22,100.0,0.58,283.04,296.43,291.51,285.77,283.71,295.71,9.77
2022-03-23,100.0,3.45,281.08,286.19,282.18,281.56,284.22,283.85,8.23
2022-03-24,100.0,3.77,278.55,286.97,283.93,280.2,278.55,286.97,7.72
2022-03-25,100.0,6.87,276.77,280.75,277.22,276.77,277.01,278.92,5.66
2022-03-26,100.0,0.25,271.85,280.98,277.27,274.24,272.89,279.02,13.38
2022-03-27,56.0,0.0,267.95,272.8,271.2,269.61,268.5,271.93,8.75
2022-03-28,0.0,0.0,268.25,273.78,270.69,268.99,269.33,273.33,7.2
2022-03-29,100.0,0.0,270.44,276.49,270.59,271.37,271.75,273.32,5.66
2022-03-30,100.0,8.73,277.55,286.38,277.94,279.63,282.79,277.55,8.75
2022-03-31,100.0,37.38,275.75,288.44,287.47,281.28,275.92,286.82,7.2
2022-04-01,100.0,2.64,272.74,277.69,274.73,273.46,272.96,275.92,7.2
2022-04-02,66.0,0.48,273.76,279.42,275.71,274.06,275.33,278.46,5.66
2022-04-03,12.0,12.62,273.13,280.81,275.38,274.73,274.94,276.77,6.17
2022-04-04,100.0,4.59,277.36,283.48,277.4,278.28,280.77,281.4,5.81
2022-04-05,21.0,0.0,276.38,283.66,280.84,278.72,276.65,280.2,5.36
2022-04-06,100.0,11.07,280.73,285.34,281.97,284.55,280.73,282.91,8.75
2022-04-07,84.0,0.0,277.58,286.12,282.81,279.07,278.18,285.79,9.77
2022-04-08,40.0,5.42,275.97,279.4,278.08,276.47,276.09,279.4,9.77
2022-04-09,84.0,5.94,272.98,279.34,274.67,273.13,274.52,276.71,6.69
2022-04-10,40.0,0.0,274.32,287.28,277.61,274.8,277.99,279.93,9.77
2022-04-11,100.0,0.0,284.27,289.16,287.96,288.67,284.54,288.12,10.8
2022-04-12,0.0,0.0,279.8,291.47,286.76,281.8,282.96,287.07,9.26
2022-04-13,100.0,0.69,290.52,293.29,290.77,292.5,292.02,292.56,10.29
2022-04-14,20.0,1.26,274.73,294.71,284.15,276.47,276.69,294.71,13.38
2022-04-15,98.0,0.0,278.38,284.5,281.92,279.23,279.36,282.45,16.46
2022-04-16,91.0,1.21,273.93,284.95,280.75,276.95,274.87,284.95,8.75
2022-04-17,20.0,0.0,272.84,281.39,277.68,273.2,275.6,280.33,7.72
2022-04-18,100.0,5.38,273.8,278.1,276.2,275.3,274.56,278.1,5.66
2022-04-19,87.0,0.0,275.23,280.45,275.8,275.8,275.98,276.72,10.29
2022-04-20,54.0,0.0,278.21,282.69,278.93,278.78,279.37,281.18,6.69
2022-04-21,100.0,7.23,282.38,290.02,283.7,283.89,282.96,282.38,8.75
2022-04-22,34.0,0.62,281.78,293.47,290.53,283.99,282.25,290.94,8.75
2022-04-23,0.0,3.7,281.96,298.09,283.43,284.81,289.32,282.76,8.23
2022-04-24,100.0,3.66,292.27,301.43,298.17,294.8,293.13,299.43,12.86
2022-04-25,75.0,0.13,283.37,293.55,291.57,285.35,283.37,291.97,9.26
2022-04-26,78.0,0.0,276.46,283.72,279.45,277.52,276.86,283.72,10.29
2022-04-27,3.0,0.0,274.3,283.61,279.52,274.63,276.48,281.69,7.2
2022-04-28,100.0,0.0,274.78,281.87,274.78,276.48,278.98,277.23,8.23
2022-04-29,86.0,0.56,281.42,289.38,282.23,282.12,282.69,282.63,8.23
2022-04-30,100.0,4.7,283.52,291.1,287.51,283.86,284.78,290.59,9.26
2022-05-01,0.0,0.18,283.94,293.29,289.13,285.67,284.78,292.79,8.23
2022-05-02,100.0,0.0,282.07,283.82,283.33,283.08,282.18,283.82,7.2
2022-05-03,100.0,30.52,280.8,285.43,283.83,282.54,280.96,284.04,10.29
2022-05-04,62.0,0.0,277.46,283.04,279.4,278.81,278.6,280.54,9.26
2022-05-05,100.0,0.0,278.81,285.16,281.76,279.1,281.63,283.4,3.13
2022-05-06,100.0,8.94,281.56,283.71,282.6,281.91,282.18,283.71,5.36
2022-05-07,88.0,2.05,281.06,289.57,282.92,282.7,283.88,281.98,11.83
2022-05-08,0.0,0.0,280.69,291.12,284.66,280.93,284.83,289.31,7.2
2022-05-09,92.0,0.0,286.16,297.85,290.07,287.64,289.04,291.3,9.77
2022-05-10,100.0,0.0,293.29,302.88,298.2,294.53,294.85,299.26,12.35
2022-05-11,17.0,0.0,296.49,305.2,303.13,298.52,298.55,303.95,6.17
2022-05-12,75.0,0.0,295.97,305.43,298.87,298.09,298.88,305.14,7.72
2022-05-13,20.0,0.0,293.73,306.58,303.11,295.95,296.7,306.01,6.69
2022-05-14,100.0,0.0,291.67,305.49,301.33,293.1,296.06,304.86,6.17
2022-05-15,22.0,0.0,292.45,301.63,296.34,292.49,294.13,301.26,4.63
2022-05-16,50.0,2.38,285.3,297.18,290.81,286.61,289.83,293.56,8.23
2022-05-17,3.0,0.0,283.95,298.35,295.89,287.68,287.06,297.71,8.75
2022-05-18,100.0,2.14,284.4,291.14,285.93,286.4,284.96,291.14,6.69
2022-05-19,56.0,0.0,284.35,300.17,287.77,284.49,289.2,286.54,5.66
2022-05-20,75.0,0.0,290.91,303.04,300.52,292.76,294.8,301.28,11.83
2022-05-21,100.0,9.9,286.8,303.43,291.48,287.92,287.58,300.67,11.83
2022-05-22,100.0,5.16,283.54,289.67,287.27,286.75,285.31,286.8,6.17
2022-05-23,100.0,0.0,281.17,290.01,286.06,282.25,285.51,289.55,7.2
2022-05-24,89.0,0.0,282.65,290.35,285.19,282.65,285.84,288.55,8.75
2022-05-25,100.0,0.0,285.41,293.28,286.08,287.31,286.49,290.82,8.75
2022-05-26,100.0,1.68,293.12,297.89,295.46,293.44,293.7,296.48,7.72
2022-05-27,100.0,2.31,284.48,298.35,295.28,290.05,284.75,295.86,10.8
2022-05-28,10.0,0.0,282.64,295.8,287.61,282.64,288.52,287.23,8.23
2022-05-29,33.0,0.0,290.26,300.52,294.57,291.05,293.0,296.18,7.72
2022-05-30,52.0,0.0,294.23,303.1,299.59,295.57,296.43,301.73,8.23
2022-05-31,22.0,0.0,295.97,304.82,301.75,297.72,298.21,304.07,7.72
2022-06-01,100.0,17.63,292.34,304.16,302.5,295.32,292.34,301.45,7.72
2022-06-02,100.0,0.0,287.01,296.66,289.84,288.21,291.08,293.89,5.14
2022-06-03,0.0,0.0,288.77,299.37,294.41,288.92,291.53,296.97,6.69
2022-06-04,0.0,0.0,285.65,300.28,296.58,287.02,290.39,299.79,8.23
2022-06-05,100.0,0.0,288.33,297.43,290.68,288.48,290.52,290.9,4.63
2022-06-06,68.0,4.37,290.98,297.87,293.79,292.33,292.41,297.87,5.14
2022-06-07,74.0,1.06,286.35,297.29,293.88,286.69,286.7,293.15,7.2
2022-06-08,5.0,0.0,286.71,293.92,290.51,286.95,290.63,292.48,5.14
2022-06-09,26.0,1.02,284.12,297.2,287.95,285.75,287.65,288.06,7.72
2022-06-10,100.0,0.0,286.96,299.11,294.63,288.15,293.27,297.85,6.69
2022-06-11,75.0,0.1,288.14,295.63,291.67,288.14,290.22,294.57,6.69
2022-06-12,13.0,0.0,289.01,296.25,295.54,290.81,290.84,296.04,7.2
2022-06-13,12.0,0.0,287.54,303.27,289.15,287.64,292.98,292.58,5.66
2022-06-14,18.0,0.24,295.71,308.27,298.03,297.29,301.15,303.0,11.18
2022-06-15,0.0,0.0,300.03,309.62,305.6,302.16,301.48,309.23,7.72
2022-06-16,100.0,0.94,295.52,308.78,305.69,297.42,297.52,307.84,8.23
2022-06-17,0.0,0.0,293.43,307.91,303.62,296.69,297.01,307.34,11.32
2022-06-18,0.0,0.0,288.77,302.13,298.48,291.07,291.18,301.91,7.72
2022-06-19,53.0,0.0,284.71,300.22,289.69,285.42,290.56,294.84,6.17
2022-06-20,20.0,0.0,291.84,305.41,299.53,293.26,295.88,300.98,6.17
2022-06-21,0.0,0.0,295.7,308.22,303.73,297.89,299.49,306.44,7.2
2022-06-22,40.0,0.0,297.55,309.73,305.55,301.83,298.78,308.96,8.23
2022-06-23,36.0,0.0,292.45,304.75,300.82,294.32,295.61,304.14,8.23
2022-06-24,2.0,0.0,290.78,305.26,297.86,292.27,296.91,301.41,5.66
2022-06-25,0.0,14.13,292.57,305.65,301.79,295.58,295.97,305.65,5.66
2022-06-26,100.0,0.0,293.34,299.14,297.94,296.04,295.77,293.34,9.26
2022-06-27,0.0,0.0,289.01,299.48,296.92,290.08,292.53,299.16,8.75
2022-06-28,0.0,0.0,288.06,301.68,294.01,289.35,293.29,297.38,5.14
2022-06-29,75.0,1.95,291.97,302.86,299.98,294.46,295.12,302.33,6.69
2022-06-30,0.0,0.0,295.33,304.22,298.96,297.72,298.4,302.85,8.23
2022-07-01,75.0,0.0,295.64,305.94,302.84,298.24,297.76,305.13,8.23
2022-07-02,0.0,0.0,289.54,301.23,295.68,290.74,295.03,295.62,4.12
2022-07-03,75.0,0.0,292.67,302.56,298.91,295.45,296.84,301.67,5.66
2022-07-04,1.0,0.0,293.56,303.07,299.82,295.27,297.02,302.45,7.72
2022-07-05,100.0,29.37,294.15,305.37,298.9,294.15,299.92,302.23,5.66
2022-07-06,100.0,4.63,294.24,305.35,298.16,294.92,294.51,305.04,7.72
2022-07-07,97.0,0.0,293.37,301.41,294.86,293.44,296.53,298.09,5.14
2022-07-08,100.0,0.0,296.31,301.83,298.81,296.43,297.22,301.19,6.69
2022-07-09,3.0,0.0,293.11,296.9,294.73,293.85,294.42,296.78,7.2
2022-07-10,57.0,0.0,288.31,301.36,294.43,290.27,294.34,297.17,7.2
2022-07-11,0.0,0.16,294.46,302.54,299.44,295.66,296.44,301.88,7.72
2022-07-12,0.0,0.0,293.37,302.93,300.59,295.93,294.63,300.14,7.2
2022-07-13,20.0,0.0,293.34,302.29,298.95,294.53,295.64,302.26,6.69
2022-07-14,0.0,0.0,288.79,298.77,294.37,290.59,293.28,298.42,6.17
2022-07-15,11.0,6.93,291.34,298.78,295.48,291.34,292.82,298.71,4.63
2022-07-16,100.0,2.52,292.78,297.69,293.96,293.99,293.15,293.82,6.17
2022-07-17,100.0,13.87,293.64,297.44,294.29,294.08,295.15,297.44,6.17
2022-07-18,75.0,0.0,293.41,303.39,295.94,294.18,296.13,296.17,5.66
2022-07-19,0.0,0.0,294.19,304.56,301.39,296.83,298.01,304.2,5.66
2022-07-20,19.0,0.0,297.36,305.03,301.94,297.76,299.4,304.48,9.26
2022-07-21,0.0,0.0,293.74,305.46,300.85,296.96,297.04,303.09,10.8
2022-07-22,0.0,0.0,293.38,306.68,303.39,297.15,296.48,306.0,9.26
2022-07-23,100.0,59.81,293.58,305.56,302.16,297.22,293.95,305.23,7.2
2022-07-24,100.0,4.91,295.82,303.92,301.08,299.48,295.82,299.78,9.26
2022-07-25,100.0,0.0,291.4,302.91,300.23,294.06,294.73,301.07,6.17
2022-07-26,79.0,0.0,289.91,299.8,294.48,290.75,293.99,296.93,5.66
2022-07-27,88.0,0.0,293.88,301.33,297.42,294.21,295.22,299.6,5.66
2022-07-28,0.0,1.59,293.79,301.67,299.34,293.97,293.88,301.67,6.17
2022-07-29,0.0,0.0,289.09,300.05,297.39,291.75,293.07,299.72,7.2
2022-07-30,0.0,0.0,288.87,300.53,297.45,291.41,294.45,299.13,7.2
2022-07-31,86.0,0.0,290.43,301.68,298.29,292.85,295.59,300.87,6.17
2022-08-01,0.0,0.0,295.67,302.38,299.55,296.47,296.79,302.24,8.23
2022-08-02,1.0,0.0,291.71,303.21,300.41,293.75,296.47,302.66,7.72
2022-08-03,40.0,0.0,296.58,306.04,301.68,297.05,298.49,303.74,9.77
2022-08-04,20.0,0.58,296.26,303.55,300.82,296.55,296.7,303.55,7.2
2022-08-05,23.0,0.0,293.8,302.18,296.64,294.12,296.06,299.66,6.69
2022-08-06,0.0,0.0,295.61,306.3,300.52,297.1,298.64,302.22,5.14
2022-08-07,100.0,1.84,297.48,307.08,303.74,300.13,297.94,307.06,7.2
2022-08-08,97.0,5.41,296.61,300.04,298.76,297.74,296.8,298.34,7.72
2022-08-09,44.0,0.46,289.8,300.02,292.28,292.18,291.87,300.02,6.69
2022-08-10,0.0,0.0,287.24,300.91,293.8,288.54,292.05,296.79,6.69
2022-08-11,20.0,0.0,294.82,302.0,298.58,295.05,296.08,301.4,7.72
2022-08-12,20.0,0.0,289.0,298.28,294.07,290.39,293.39,298.28,8.23
2022-08-13,100.0,0.0,292.15,297.97,295.23,293.64,293.32,297.3,6.69
2022-08-14,11.0,0.0,294.3,298.54,297.55,294.83,294.87,297.12,6.69
2022-08-15,100.0,0.0,292.73,297.97,293.42,293.11,294.05,294.74,7.72
2022-08-16,99.0,0.0,290.66,299.36,294.38,291.64,293.92,297.96,6.69
2022-08-17,0.0,0.0,289.37,299.83,295.01,290.36,293.35,299.41,7.2
2022-08-18,0.0,0.0,288.71,300.97,295.59,290.23,292.36,299.86,5.14
2022-08-19,30.0,0.0,292.41,301.86,298.68,293.33,295.03,300.89,6.69
2022-08-20,100.0,18.03,291.47,302.33,299.54,294.67,291.84,302.28,6.69
2022-08-21,100.0,0.47,292.35,297.58,295.46,293.08,293.24,295.24,6.69
2022-08-22,0.0,0.0,290.44,299.36,294.52,291.52,292.99,297.95,5.66
2022-08-23,39.0,0.0,289.88,300.75,295.23,290.57,292.83,299.72,5.14
2022-08-24,0.0,0.0,290.72,301.6,297.73,291.97,294.36,300.93,4.12
2022-08-25,12.0,5.01,292.04,301.84,298.3,293.55,292.04,301.74,6.17
2022-08-26,25.0,0.0,292.64,300.14,297.24,293.93,293.34,297.31,5.14
2022-08-27,43.0,0.0,287.51,300.01,293.57,288.9,291.18,297.33,6.17
2022-08-28,40.0,0.0,293.56,304.3,296.51,295.12,295.64,300.18,7.2
2022-08-29,40.0,9.11,295.47,304.52,296.98,296.32,297.02,304.3,7.72
2022-08-30,100.0,0.21,292.14,302.57,298.36,294.89,293.5,295.71,8.75
2022-08-31,0.0,0.0,289.02,301.41,296.27,290.41,291.61,299.39,8.75
2022-09-01,0.0,0.0,292.11,304.14,299.14,294.65,294.83,302.04,6.69
2022-09-02,100.0,0.0,293.61,304.32,299.76,296.27,295.62,304.32,6.69
2022-09-03,40.0,0.0,294.1,303.4,299.22,295.14,295.52,302.86,6.69
2022-09-04,100.0,0.0,293.44,303.13,295.04,294.07,294.3,303.13,7.2
2022-09-05,31.0,0.0,292.3,295.12,293.47,292.87,292.48,295.12,6.69
2022-09-06,11.0,0.0,292.26,297.95,293.17,292.26,293.4,293.72,5.14
2022-09-07,73.0,0.0,291.13,298.71,294.93,292.24,292.34,298.71,5.14
2022-09-08,6.0,0.0,289.0,300.79,294.91,290.66,292.21,298.99,5.66
2022-09-09,0.0,0.0,288.2,301.78,296.95,291.43,291.31,301.58,5.66
2022-09-10,0.0,0.0,289.57,302.01,297.53,291.43,291.69,301.56,5.66
2022-09-11,40.0,14.07,291.6,301.99,296.99,294.31,293.87,301.67,4.63
2022-09-12,90.0,4.51,285.64,291.65,288.52,287.14,285.64,291.65,7.2
2022-09-13,100.0,0.0,287.02,296.53,288.32,288.72,289.52,288.38,5.14
2022-09-14,4.0,0.0,287.3,297.97,292.97,288.21,289.16,297.06,4.12
2022-09-15,49.0,0.0,287.48,299.84,292.34,289.3,289.8,298.06,4.63
2022-09-16,40.0,0.0,290.17,300.97,296.43,292.73,291.42,300.56,4.63
2022-09-17,75.0,0.0,293.22,301.92,297.57,293.93,293.72,301.09,10.29
2022-09-18,40.0,0.0,294.42,302.51,299.16,295.94,294.58,302.51,7.2
2022-09-19,3.0,0.0,292.55,302.94,298.99,293.51,293.23,302.13,6.17
2022-09-20,20.0,0.0,289.72,303.42,293.22,290.19,291.13,297.57,6.17
2022-09-21,0.0,0.53,296.47,306.58,299.08,297.7,297.57,304.36,15.43
2022-09-22,100.0,0.0,285.01,301.55,294.87,288.58,285.36,301.52,8.23
2022-09-23,40.0,0.0,283.65,290.22,286.91,285.26,284.94,290.13,7.2
2022-09-24,100.0,0.51,284.71,292.72,288.25,285.77,285.92,289.81,4.66
2022-09-25,100.0,0.91,287.28,294.92,290.86,287.95,287.92,293.62,6.69
2022-09-26,0.0,0.16,283.47,292.06,289.32,285.06,284.27,292.06,7.2
2022-09-27,20.0,0.0,280.99,289.93,286.32,283.33,281.71,289.93,8.23
2022-09-28,49.0,0.0,280.81,287.95,285.05,282.41,281.29,287.95,5.66
2022-09-29,20.0,0.0,280.19,289.03,284.29,282.57,281.56,287.94,6.69
2022-09-30,0.0,0.0,279.47,291.13,285.36,283.39,283.29,289.61,3.6
2022-10-01,40.0,0.0,284.72,292.25,286.71,285.52,284.72,291.25,7.2
2022-10-02,0.0,0.0,286.08,292.23,288.11,286.08,287.47,292.23,7.72
2022-10-03,0.0,0.0,282.82,291.75,286.59,285.68,284.34,290.97,7.2
2022-10-04,0.0,0.0,282.18,294.71,286.09,283.59,284.28,292.07,4.12
2022-10-05,75.0,0.0,284.14,296.81,289.84,286.94,286.02,295.43,3.6
2022-10-06,100.0,0.27,286.67,297.53,292.95,289.4,287.59,297.53,6.17
2022-10-07,100.0,5.44,280.04,296.46,286.47,283.71,280.18,296.4,8.23
2022-10-08,0.0,0.0,276.01,285.86,281.2,278.37,276.84,285.13,8.75
2022-10-09,20.0,0.0,278.81,291.7,283.92,280.64,279.75,286.68,9.26
2022-10-10,75.0,0.0,282.89,294.52,288.56,284.44,284.31,292.73,5.14
2022-10-11,0.0,0.0,285.16,295.12,287.47,285.67,286.57,294.89,5.14
2022-10-12,100.0,12.64,287.07,292.48,287.07,289.19,288.08,292.48,8.23
2022-10-13,97.0,0.82,278.94,287.21,284.14,281.75,279.16,285.44,10.29
2022-10-14,98.0,0.0,276.32,286.0,279.49,277.41,276.9,284.79,10.29
2022-10-15,0.0,3.33,274.42,288.28,281.79,277.14,275.17,287.45,7.72
2022-10-16,20.0,0.0,277.46,285.29,282.45,281.24,278.5,284.33,7.72
2022-10-17,45.0,0.0,276.1,285.12,281.93,277.71,276.2,285.12,10.28
2022-10-18,96.0,0.0,274.88,279.85,277.47,276.03,274.88,277.72,9.77
2022-10-19,37.0,0.0,274.0,280.9,280.41,277.32,274.0,280.54,9.77
2022-10-20,100.0,0.0,273.71,285.21,278.21,274.82,274.51,281.53,7.72
2022-10-21,75.0,0.0,279.69,293.92,283.33,280.71,280.34,287.8,7.2
2022-10-22,15.0,0.0,286.35,297.39,293.43,288.34,286.59,295.98,8.23
2022-10-23,20.0,0.0,289.66,299.24,294.46,290.63,290.09,298.42,8.23
2022-10-24,75.0,0.0,290.03,298.98,295.97,293.26,290.59,298.56,8.23
2022-10-25,100.0,16.52,287.62,297.12,295.29,292.97,288.04,296.4,7.72
2022-10-26,100.0,23.96,279.05,288.17,283.71,280.22,279.05,288.17,9.26
2022-10-27,75.0,0.0,278.22,285.08,280.92,279.17,279.08,284.67,4.12
2022-10-28,100.0,0.0,279.71,287.49,282.08,281.61,279.88,284.38,5.66
2022-10-29,0.0,0.0,280.27,290.71,282.66,281.75,280.57,287.8,3.6
2022-10-30,75.0,0.0,282.26,291.02,284.58,282.83,282.8,291.02,5.14
2022-10-31,100.0,0.0,285.34,289.96,285.43,285.65,285.52,289.96,4.12
2022-11-01,0.0,0.0,281.07,292.2,285.08,282.46,281.42,286.62,4.12
2022-11-02,0.0,0.0,281.76,293.87,286.7,283.92,281.76,293.14,5.14
2022-11-03,43.0,0.0,284.71,295.35,290.42,287.01,284.83,294.85,5.14
2022-11-04,100.0,7.79,289.47,295.91,291.93,290.03,290.28,295.57,8.75
2022-11-05,100.0,12.3,286.09,294.83,294.55,291.37,289.43,289.96,12.35
2022-11-06,20.0,0.0,280.11,288.32,281.6,280.2,281.34,284.53,11.32
2022-11-07,0.0,0.0,277.52,289.44,286.22,282.16,278.0,288.32,8.23
2022-11-08,88.0,0.0,279.68,284.99,280.88,280.46,279.71,284.05,6.17
2022-11-09,75.0,0.0,281.68,288.91,283.95,282.34,283.91,284.16,6.17
2022-11-10,0.0,0.0,289.23,295.36,291.58,290.97,289.23,290.29,8.23
2022-11-11,75.0,0.0,279.78,297.41,293.32,288.72,281.93,296.32,8.75
2022-11-12,3.0,0.0,273.21,280.8,275.18,273.28,273.62,280.76,7.2
2022-11-13,100.0,0.0,271.6,275.0,274.27,273.61,272.06,274.99,6.17
2022-11-14,75.0,0.0,270.98,276.68,272.9,272.11,270.98,274.74,5.14
2022-11-15,100.0,7.53,273.29,278.31,276.49,275.41,273.29,277.47,6.69
2022-11-16,100.0,2.0,273.81,275.62,274.67,274.06,273.94,274.87,5.66
2022-11-17,80.0,3.62,271.44,274.73,273.89,272.97,272.17,274.73,7.72
2022-11-18,100.0,0.99,269.61,273.74,273.13,271.7,270.08,273.05,10.29
2022-11-19,100.0,0.0,266.14,269.9,267.84,267.22,266.42,269.9,10.8
2022-11-20,0.0,0.55,262.44,269.92,268.15,264.17,262.44,269.92,9.77
2022-11-21,0.0,0.0,271.25,278.02,272.91,271.83,273.26,271.25,8.75
2022-11-22,40.0,0.0,271.79,281.23,277.11,273.29,272.24,279.38,9.26
2022-11-23,0.0,0.0,273.97,284.16,278.94,276.15,273.97,282.53,5.66
2022-11-24,75.0,0.0,276.76,288.02,282.4,280.15,276.76,285.52,6.17
2022-11-25,40.0,0.0,273.94,284.9,280.84,280.16,274.41,284.4,5.14
2022-11-26,0.0,0.0,275.15,284.18,280.06,276.65,275.31,282.59,7.2
2022-11-27,100.0,9.43,278.61,286.3,282.72,279.84,278.94,284.4,8.23
2022-11-28,75.0,0.0,272.33,280.28,278.34,275.32,273.14,280.03,10.29
2022-11-29,75.0,0.0,277.18,284.82,279.02,277.6,278.36,280.46,8.23
2022-11-30,100.0,0.0,268.71,287.53,287.3,274.63,269.02,286.81,12.35
2022-12-01,0.0,0.0,265.32,271.09,269.4,266.54,265.32,269.87,12.86
2022-12-02,100.0,0.0,272.76,280.07,273.43,275.14,276.59,272.76,8.75
2022-12-03,100.0,0.17,268.12,284.2,284.2,283.17,269.32,281.42,11.32
2022-12-04,0.0,0.0,266.15,273.83,270.27,267.21,266.35,271.68,6.69
2022-12-05,20.0,0.0,271.42,277.62,275.1,272.54,271.61,275.26,8.23
2022-12-06,100.0,0.0,276.81,279.2,278.63,277.06,277.02,278.62,5.66
2022-12-07,75.0,0.0,276.45,279.01,278.55,276.76,276.64,278.75,4.12
2022-12-08,100.0,0.0,274.07,279.35,277.59,275.57,274.07,279.0,6.17
2022-12-09,20.0,8.63,274.53,277.9,275.41,275.85,275.57,277.9,6.17
2022-12-10,100.0,0.0,275.07,276.28,275.81,275.75,275.91,275.07,6.17
2022-12-11,100.0,0.67,275.65,276.98,276.79,276.96,276.16,276.37,4.63
2022-12-12,100.0,0.27,275.56,277.92,276.53,276.22,275.56,276.36,3.09
2022-12-13,100.0,0.0,274.65,278.26,276.99,275.75,274.92,278.19,6.69
2022-12-14,100.0,14.36,275.52,278.13,275.58,276.24,276.16,275.72,9.26
2022-12-15,100.0,21.84,274.14,279.41,278.24,276.54,274.57,278.63,8.23
2022-12-16,100.0,3.68,271.72,275.44,273.06,272.35,272.3,275.42,8.75
2022-12-17,100.0,2.78,268.81,271.71,270.63,269.74,268.9,271.54,8.75
2022-12-18,100.0,0.0,263.91,268.95,268.39,266.61,264.67,268.75,8.75
2022-12-19,0.0,0.0,261.39,267.12,265.08,263.08,261.39,266.25,7.72
2022-12-20,100.0,0.0,267.71,272.94,269.19,269.46,268.89,267.71,4.63
2022-12-21,20.0,0.0,263.52,273.65,271.54,266.67,263.52,273.28,4.63
2022-12-22,100.0,0.0,269.34,274.08,272.5,273.17,273.17,269.34,4.63
2022-12-23,100.0,6.92,250.63,272.28,257.48,252.05,250.89,272.28,12.35
2022-12-24,100.0,0.0,253.97,259.52,254.59,254.87,255.71,253.97,13.38
2022-12-25,26.0,0.0,256.57,262.96,261.68,258.72,256.95,260.45,11.32
2022-12-26,98.0,0.52,261.53,266.33,262.41,263.01,264.47,261.53,7.2
2022-12-27,0.0,0.0,260.19,267.42,266.76,262.3,260.41,266.72,5.66
2022-12-28,99.0,0.0,267.03,276.37,267.94,269.26,271.16,267.03,9.77
2022-12-29,75.0,0.0,277.88,285.03,279.42,279.37,280.69,277.88,10.29
2022-12-30,100.0,0.0,277.25,287.17,286.42,286.34,282.27,285.83,10.8
2022-12-31,100.0,0.0,270.76,277.25,275.82,272.23,270.81,277.25,4.12
